original_feature,importance
completion_percent,0.49005012176698803
distraction_level_1_10,0.1394459476674632
hour_of_day,0.08391367904116974
sleep_hours,0.06998450216582637
energy_before_1_10,0.06344022525582667
duration_min,0.025532121192231333
topic_type,0.02207199617920167
weekday_number,0.021367320172107785
time_of_day,0.01873448795730056
device_used,0.018468282523614515
location,0.018247432330522884
difficulty_1_5,0.01587656947229378
break_before_days,0.012867314275453297
